{
  "phi_section": 0.0,
  "target_mode": [
    4,
    3
  ],
  "R": [
    3.004989667241569,
    3.0020761695606772,
    2.998912486932247,
    2.9958064028039617,
    2.9940418637895827,
    2.9945430597265026,
    2.9964011264073864,
    2.9996744877735777,
    3.0031425053090652,
    3.0052250508769776,
    3.0060084477564315,
    3.00465231376458,
    3.001629900559149,
    2.998467638429762,
    2.99542658623781,
    2.993995286982714,
    2.994731134390524,
    2.9967718869484887,
    3.000208961922083,
    3.003520156197741,
    3.0054181916295053,
    3.0059720949517432,
    3.004279402838313,
    3.0011846220387053,
    2.9980216028474187,
    2.9950805776408034,
    2.9939946280304826,
    2.99494148993921,
    2.9971742681951747,
    3.000739908075022,
    3.003866831799491,
    3.005588435279788,
    3.0058868595648027,
    3.0038786366820345,
    3.0007408580640482,
    2.9975755631351535,
    2.9947756306145257,
    2.9940351311700817,
    2.995174214021625,
    2.9976083493418857,
    3.0012587758032083,
    3.0041842715901663,
    3.0057343718373537,
    3.005749981156896,
    3.003457442971714,
    3.000298334558921,
    2.997131776903146,
    2.9945174259970426,
    2.99411215920837,
    2.9954301314311262,
    2.9980725724753623,
    3.0017580657125653,
    3.0044743073098896,
    3.005853478982668,
    3.00556074222187,
    3.003022920577926,
    2.999856388043265,
    2.996694043643748,
    2.9943097498120044,
    3.015238335451875,
    2.9942168280263703,
    2.967768574063865,
    2.969579367086801,
    2.9813007203407755,
    3.0165431880269655,
    3.0291799176531566,
    3.0335896537482046,
    3.0079420631720013,
    2.9872171674674806,
    2.9635220726499454,
    2.972743968391689,
    2.9915268671978916,
    3.022379723019274,
    3.0325066037043196,
    3.0271931684888784,
    3.001026510413194,
    2.97660382610761,
    2.9665383131557364,
    2.9761918317566467,
    3.0030469657780947,
    3.026098709686158,
    3.0360579356284765,
    3.0169211348638725,
    2.99546907526355,
    2.968970719911352,
    2.9690402135076943,
    2.980159616587859,
    3.014516651834751,
    3.0281623010153647,
    3.034517184517866,
    3.0095568717931376,
    2.9888248094048264,
    2.964179628341637,
    2.9723867187622854,
    2.98849172376299,
    3.0214294495886813,
    3.032015992765365,
    3.028950048885162,
    3.002447358332489,
    2.9795189592587255,
    2.9651660148919627,
    2.975033399258872,
    3.000521411472686,
    3.025489599307596,
    3.0355363239168622,
    3.0191799307962635,
    2.9967028774151427,
    2.970076908572372,
    2.9685051681793273,
    2.9792085498339698,
    3.0126491153943133,
    3.0276244578147797,
    3.0351950713502216,
    3.010781272964938,
    2.9900434513316023,
    2.9648932923990365,
    2.971986558787183,
    2.9863669258863323,
    2.9177452214547936,
    3.1207158757325812,
    2.987216992734211,
    2.897821542734101,
    3.2800888869186444,
    2.7784560639496476,
    3.118506159497861,
    3.004974780281504,
    2.9029672318979407,
    3.2224358248207943,
    2.7465215555367757,
    3.087262144621767,
    3.025788268452174,
    3.1363107012438265,
    2.5641739227700415,
    2.754093610297115,
    3.175697650857523,
    2.656171142096002,
    2.9784014185034184,
    2.7358336644043564,
    3.445869510950508,
    2.8277122416588534,
    2.9881711742527037,
    2.7332174769591373,
    2.7350072778737538,
    2.7386844526871106,
    5.221721941033599,
    2.7438668628671756,
    4.0197782921656025,
    2.752437994715892,
    3.698549396883095,
    3.0163447530516656,
    2.998636389557481,
    2.979330371507454,
    2.9714766196589397,
    2.978950346611813,
    2.995474793218779,
    3.0180990463007786,
    3.025981319949484,
    3.026357668842773,
    3.0064061118710828,
    2.9910098565230046,
    2.971941586496489,
    2.9754430277150212,
    2.9838157993088767,
    3.0080103679827155,
    3.0215210749020147,
    3.028654194632297,
    3.017783182133127,
    3.000044232101556,
    2.982453570795906,
    2.9712833502732723,
    2.9784013164887293,
    2.9917708912860883,
    3.0160915898611393,
    3.024559713989,
    3.028054750825151,
    3.009143544685231,
    2.993663979878489,
    2.9735630688891623,
    2.974038509251114,
    2.9818650452462743,
    3.004496492905505,
    3.0211180240234583,
    3.0286586738166275,
    3.020666640522263,
    3.0012875276389783,
    2.9836148928784247,
    2.9699264217792276,
    2.97733127238565,
    2.990896250481841,
    3.0167590583649746,
    3.025620592935061,
    3.0287921492855245,
    3.008528564083699,
    2.992336930586991,
    2.971549739735105,
    2.973955180218563,
    2.9825656135721577,
    3.0080790735428566,
    3.0225742474282953,
    3.030163971130675,
    3.0173163770116673,
    2.999031660665447,
    2.9796165528572947,
    2.97099258315255,
    2.978592661510593,
    2.9952487531321488,
    3.0183326522991405,
    3.026332954713698,
    2.9370277013439345,
    3.10543244290843,
    2.7870309600463528,
    2.776023404982259,
    3.243841714474939,
    2.6970744876408657,
    3.0456873493757612,
    2.7466842427341343,
    3.1553982328979457,
    2.6610546950571092,
    3.006514576933577
  ],