{"R_ax": 1.9444124577816022, "Z_ax": -8.697044163431014e-09, "R_xpt": 1.6662751041616435, "Z_xpt": -0.9991464951295748, "det_J": 1.000098658656537, "lam_stable": 7.024298247415572e-05, "lam_unstable": 14237.701937120437, "sm_segments": [[[1.6657018419671512, -0.9983271231405698], [1.6662750638939972, -0.9991464375744425], [1.6657682725306693, -0.9984222694858574]]], "um_segments": [[[1.666907668965711, -0.9983719876934226], [10.672544240388262, 10.028059528888248]]]}