{
  "phi_section": 0.0,
  "target_mode": [
    4,
    3
  ],
  "R": [
    3.004989667241569,
    3.0020761695606772,
    2.998912486932247,
    2.9958064028039617,
    2.9940418637895827,
    2.9945430597265026,
    2.9964011264073864,
    3.015238335451875,
    2.9942168280263703,
    2.967768574063865,
    2.969579367086801,
    2.9813007203407755,
    3.0165431880269655,
    3.0291799176531566,
    2.9177452214547936,
    3.1207158757325812,
    2.987216992734211,
    2.897821542734101,
    3.2800888869186444,
    2.7784560639496476,
    3.118506159497861,
    2.754093610297115,
    3.175697650857523,
    2.656171142096002,
    2.9784014185034184,
    2.7358336644043564,
    3.445869510950508,
    2.8277122416588534,
    2.9881711742527037,
    2.7332174769591373,
    2.7350072778737538,
    2.7386844526871106,
    5.221721941033599,
    2.7438668628671756,
    4.0197782921656025,
    2.752437994715892,
    3.698549396883095,
    3.0163447530516656,
    2.998636389557481,
    2.979330371507454,
    2.9714766196589397,
    2.978950346611813,
    2.995474793218779,
    3.0180990463007786,
    2.999492068060734,
    2.9425609459443653,
    2.9668220876078046,
    3.0570062677251735,
    3.035894615998268,
    2.843043097623285,
    3.030280786037385,
    2.8860495696262847,
    3.192977187018067,
    2.6612229090502377,
    3.000138801884307,
    2.7903822190874537,
    3.2862177548726987,
    2.716055426420064,
    4.087037436897873,
    2.7589253658159505,
    3.189780552041264,
    2.663680539616354,
    3.0083012509109928,
    2.7466842427341343,
    3.1553982328979457,
    2.6610546950571092,
    3.006514576933577
  ],
  "Z": [
    -0.003612324652768064,
    -0.005542319240940379,
    -0.00572827850081534,
    -0.0044770814715251565,
    -0.0011279676079852423,
    0.0021508813078998847,
    0.0046766384133954475,
    -0.03120158677960129,
    -0.030377787230010462,
    -0.020388743477592237,
    0.011720491049905012,
    0.0284111302652256,
    0.029919132517580587,
    0.012690111691137132,
    -0.08471074922564874,
    0.10776502646999787,
    -0.1347309271354529,
    0.0967526371069642,
    -0.02629781139989458,
    -0.031123666033985434,
    0.0984095027537678,
    -0.05450848777053022,
    0.0739635534058037,
    0.07218113907713726,
    -0.20467014531351693,
    -0.026575693000292673,
    -0.05145336237584514,
    0.14127348892538802,
    -0.17991593390916077,
    -0.01822760351334941,
    -0.01730385199176487,
    -0.018332125615490656,
    -0.10804454426564007,
    -0.018752940350666228,
    -0.0930452234733764,
    -0.01693601375596933,
    -0.0781223312715803,
    -0.025925958922650014,
    -0.02565108591726255,
    -0.024585680171317622,
    0.003529773115568505,
    0.01558975823138655,
    0.032320054585899725,
    0.019681902926510234,
    -0.05304901618199486,
    0.006259831527608051,
    0.03940552751996554,
    0.031012412086384365,
    -0.09748339595214732,
    0.12111473837578497,
    -0.2022282716556993,
    -0.08836152487662752,
    0.07219095999558121,
    0.06913440615208474,
    -0.20771164439446146,
    -0.07756828185997776,
    0.04807649901627252,
    0.023663331362812092,
    -0.10344997342992192,
    -0.05917608352955873,
    0.07026817592266496,
    0.06718695590026516,
    -0.21009374075075052,
    -0.04559146239137682,
    0.07834365722711317,
    0.06710712939398361,
    -0.20966074115674635
  ],
  "n_crossings": 67
}